State.Name,Deaths.2019,Deaths.2020,Deaths.2021,Deaths.2022,Deaths.2023,Deaths.2024,Pop.Jul.2019,Pop.Jul.2020,Pop.Jul.2021,Pop.Jul.2022,Pop.Jul.2023,Pop.Jul.2024,Crude.Mort.2019,Crude.Mort.2020,Crude.Mort.2021,Crude.Mort.2022,Crude.Mort.2023,Crude.Mort.2024,PctChg.Deaths.19.20,PctChg.Deaths.20.21,PctChg.Deaths.21.22,PctChg.Deaths.22.23,PctChg.Deaths.23.24,PctChg.Deaths.19.24,PctChg.Pop.19.20,PctChg.Pop.20.21,PctChg.Pop.21.22,PctChg.Pop.22.23,PctChg.Pop.23.24,PctChg.Pop.19.24
Alabama,130,189,171,271,328,277,27590,27207.5,25214.5,25975,26731.5,27208,47.11852120333454,69.46613985114399,67.81812052588788,104.3310875842156,122.70168153676376,101.80829167891797,45.38461538461539,-9.523809523809524,58.47953216374269,21.033210332103323,-15.548780487804878,113.07692307692308,-1.3863718738673432,-7.325186070017459,3.0161216760197505,2.912415784408085,1.7825411967154856,-1.3845596230518304
Alaska,4,14,8,18,10,15,4415,4250.5,4278,4497,4510,4444,9.060022650056625,32.93730149394189,18.700327255726975,40.0266844563042,22.172949002217294,33.753375337533754,250,-42.857142857142854,125,-44.44444444444444,50,275,-3.725934314835787,0.6469827079167156,5.119214586255259,0.289081609962197,-1.4634146341463417,0.6568516421291053
Arizona,113,156,146,154,109,110,42123.5,41381,36693,34412,34197,34787,26.825881040274428,37.69846064619028,39.78960564685362,44.75183075671277,31.87414100652104,31.62100784775922,38.05309734513274,-6.41025641025641,5.47945205479452,-29.22077922077922,0.9174311926605505,-2.6548672566371683,-1.7626740418056428,-11.328870737778207,-6.216444553457063,-0.6247820527722887,1.7252975407199462,-17.416643916103837
Arkansas,76,122,68,64,92,94,17784,17403.5,16165.5,17074,18144,18806,42.73504273504274,70.10084178469847,42.06489128081408,37.4838936394518,50.70546737213404,49.984047644368815,60.526315789473685,-44.26229508196721,-5.88235294117647,43.75,2.1739130434782608,23.684210526315788,-2.1395636527215474,-7.113511649955469,5.619993195385234,6.266838467845847,3.6485890652557322,5.746738641475484
California,403,499,413,396,375,396,127662,120480,96716,97629.5,97520,94717,31.567733546395953,41.41766268260292,42.70234501013277,40.56151060898601,38.45365053322396,41.80875661180147,23.82133995037221,-17.234468937875754,-4.116222760290557,-5.303030303030303,5.6000000000000005,-1.7369727047146404,-5.625793109930911,-19.724435590969456,0.9445179701393771,-0.11215872251727194,-2.87428219852338,-25.80642634456612
Colorado,45,68,46,54,43,52,20019,18647.5,15803.5,16457.5,17023,17376,22.478645286977372,36.466014211020244,29.10747619198279,32.811787938629806,25.25994243082888,29.926335174953962,51.11111111111111,-32.35294117647059,17.391304347826086,-20.37037037037037,20.930232558139537,15.555555555555555,-6.8509915580198815,-15.25137417884435,4.138323789034075,3.4361233480176208,2.0736650414145568,-13.202457665218043
Connecticut,19,34,24,29,20,32,12861,11180.5,9052,9788,10086.5,10580,14.773345774045563,30.410088994231028,26.513477684489615,29.62811606048222,19.82848361671541,30.245746691871457,78.94736842105263,-29.411764705882355,20.833333333333336,-31.03448275862069,60,68.42105263157895,-13.06663556488609,-19.037610124770808,8.130799823243482,3.0496526358806704,4.892678332424528,-17.73579037399891
Delaware,12,21,17,19,19,20,5927.5,5165,4625,4887,4973,4940,20.244622522142553,40.658276863504355,36.75675675675676,38.87865766318805,38.206314096119044,40.48582995951417,75,-19.047619047619047,11.76470588235294,0,5.263157894736842,66.66666666666666,-12.863770560944749,-10.454985479186835,5.664864864864865,1.7597708205443015,-0.6635833500904886,-16.65963728384648
Florida,400,590,440,388,451,409,96969.5,92453.5,81317.5,83336.5,86143.5,88031,41.2500837892327,63.815864191188005,54.108894149475816,46.55823078723009,52.354501500403394,46.460905817268916,47.5,-25.423728813559322,-11.818181818181818,16.237113402061855,-9.312638580931264,2.25,-4.657134459804372,-12.044973959882535,2.4828603929043567,3.3682720056637847,2.1911113432818494,-9.217846848751412
Georgia,160,281,247,255,262,333,55124.5,53658.5,46648.5,47550,49391,51002,29.02520657783744,52.36821752378468,52.94918378940373,53.62776025236593,53.046101516470614,65.29155719383553,75.625,-12.099644128113878,3.2388663967611335,2.7450980392156863,27.099236641221374,108.125,-2.6594345526943557,-13.064099816431693,1.9325380237306666,3.871713985278654,3.2617278451539757,-7.478525882320929
Hawaii,16,19,21,17,18,14,5301.5,4594,4116,4166,4079.5,3887,30.180137696878244,41.3582934262081,51.0204081632653,40.80652904464715,44.123054295869586,36.017494211474144,18.75,10.526315789473683,-19.047619047619047,5.88235294117647,-22.22222222222222,-12.5,-13.345279637838347,-10.404875925119722,1.2147716229348884,-2.0763322131541044,-4.718715528863831,-26.68112798264642
Idaho,26,34,29,19,24,24,8950.5,9198.5,8245.5,8895.5,9333.5,9763,29.04865649963689,36.96254824156112,35.17069916924383,21.35911415884436,25.713826538811805,24.58260780497798,30.76923076923077,-14.705882352941178,-34.48275862068966,26.31578947368421,0,-7.6923076923076925,2.7707949276576724,-10.36038484535522,7.8830877448305134,4.923837895565173,4.601703541008197,9.077705156136528
Illinois,96,168,124,76,83,98,39299.5,35655.5,27974,29026,29798,29242,24.427791702184503,47.11755549634699,44.326874955315645,26.183421759801558,27.854218403919727,33.5134395732166,75,-26.190476190476193,-38.70967741935484,9.210526315789473,18.072289156626507,2.083333333333333,-9.272382600287536,-21.543660865785082,3.7606348752412955,2.659684420864053,-1.8658970400698034,-25.591928650491734
Indiana,95,141,95,108,96,103,27021.5,26737,24308,23532.5,23405,24528,35.15718964528246,52.73590903990724,39.081783774888926,45.89397641559545,41.016876735740226,41.9928245270711,48.421052631578945,-32.62411347517731,13.684210526315791,-11.11111111111111,7.291666666666667,8.421052631578947,-1.0528653109560904,-9.08478886935707,-3.1903077176238277,-0.5418038882396685,4.798120059816278,-9.227837092685453
Iowa,15,29,33,26,26,NA,9368,9056.5,7711,8888,9227.5,9590,16.01195559350982,32.02120024291945,42.796005706134096,29.252925292529252,28.176645895421295,NA,93.33333333333333,13.793103448275861,-21.21212121212121,0,NA,NA,-3.3251494449188725,-14.856732733395903,15.263908701854492,3.81975697569757,3.928474668111623,2.3697694278394534
Kansas,35,38,37,25,40,53,10202,9750,8715,8514,8824,9161,34.306998627720056,38.97435897435898,42.455536431440045,29.36340145642471,45.33091568449683,57.85394607575592,8.571428571428571,-2.631578947368421,-32.432432432432435,60,32.5,51.42857142857142,-4.430503822779848,-10.615384615384615,-2.306368330464716,3.641061780596664,3.8191296464188578,-10.203881591844736
Kentucky,63,72,63,58,36,58,23674,21957,18781.5,19631.5,19918,19369,26.611472501478417,32.79136494056565,33.54364667358837,29.544354736011,18.07410382568531,29.944757086065362,14.285714285714285,-12.5,-7.936507936507936,-37.93103448275862,61.111111111111114,-7.936507936507936,-7.252682267466419,-14.462358245661978,4.525730106753987,1.459389246873647,-2.7563008334170096,-18.184506209343585
Louisiana,96,138,140,177,175,121,32104,30027.5,26623.5,27074.5,27638,28387,29.9028158484924,45.95787195071185,52.585122166507034,65.37516851650076,63.31861929227875,42.625145312995386,43.75,1.4492753623188406,26.42857142857143,-1.1299435028248588,-30.857142857142854,26.041666666666668,-6.468041365561923,-11.33627508117559,1.6939921497924764,2.081294206725886,2.71003690570953,-11.577996511338151
Maine,8,7,9,11,5,5,2332,2048.5,1673.5,1655,1719.5,1821,34.305317324185246,34.17134488650232,53.7795040334628,66.46525679758308,29.07822041291073,27.457440966501924,-12.5,28.57142857142857,22.22222222222222,-54.54545454545454,0,-37.5,-12.156946826758148,-18.3060776177691,-1.1054675829100686,3.897280966767372,5.902878743820878,-21.912521440823326
Maryland,57,55,67,54,61,70,18775.5,17629,15070.5,15222.5,15722,16178,30.358712151473995,31.198593227069033,44.45771540426661,35.473805222532434,38.799134970105584,43.2686364198294,-3.508771929824561,21.818181818181817,-19.402985074626866,12.962962962962962,14.754098360655737,22.807017543859647,-6.106362014327182,-14.513018322082932,1.0085929464848546,3.2813269830842504,2.9003943518636306,-13.834518388325211
Massachusetts,35,42,38,28,21,19,8510.5,7879.5,6673,6317.5,6079,6250,41.12566829210975,53.3028745478774,56.94590139367601,44.3213296398892,34.54515545319954,30.400000000000002,20,-9.523809523809524,-26.31578947368421,-25,-9.523809523809524,-45.714285714285715,-7.414370483520358,-15.311885271908116,-5.327438933013637,-3.7752275425405624,2.8129626583319625,-26.561306621232596
Michigan,117,248,154,131,121,126,38497.5,37030.5,33029,32421.5,32744,32969,30.391583869082407,66.9718205263229,46.625692573193255,40.405286615363266,36.95333496213047,38.217719676059325,111.96581196581197,-37.903225806451616,-14.935064935064934,-7.633587786259542,4.132231404958678,7.6923076923076925,-3.8106370543541788,-10.805957251454881,-1.8392927427412276,0.9947103002637139,0.6871487906181285,-14.360672770959154
Minnesota,10,18,14,15,15,15,10056,8923,7501,7743.5,8245,8348,9.94431185361973,20.172587694721507,18.66417810958539,19.37108542648673,18.192844147968465,17.968375658840444,80,-22.22222222222222,7.142857142857142,0,0,50,-11.266905330151152,-15.936344278829988,3.2329022796960407,6.476399560922063,1.249241964827168,-16.984884645982497
Mississippi,74,109,106,77,67,NA,19560,18654,17792,18948,19984.5,19628,37.83231083844581,58.43250777313177,59.577338129496404,40.63753430441208,33.52598263654332,NA,47.2972972972973,-2.7522935779816518,-27.358490566037734,-12.987012987012985,NA,NA,-4.631901840490798,-4.62099281655409,6.497302158273381,5.470234325522483,-1.783882508944432,0.34764826175869123
Missouri,88,132,105,136,125,139,28763,25164.5,23006,23430,23537.5,23884,30.594861453951257,52.45484710604224,45.640267756237506,58.0452411438327,53.10674455655869,58.19795679115726,50,-20.454545454545457,29.523809523809526,-8.088235294117647,11.200000000000001,57.95454545454546,-12.510864652504955,-8.577559657453953,1.842997478918543,0.458813486982501,1.4721189591078068,-16.96276466293502
Montana,8,25,26,15,14,13,3769,3826.5,2484,2684.5,2771,2916,21.225789334040858,65.33385600418136,104.66988727858293,55.87632706276774,50.52327679538073,44.58161865569273,212.5,4,-42.30769230769231,-6.666666666666667,-7.142857142857142,62.5,1.5256036083841868,-35.08428067424539,8.071658615136876,3.2222015272862734,5.23276795380729,-22.631997877421067
Nebraska,16,30,25,20,27,17,5528,5546.5,5322.5,5493,5721.5,5846,28.94356005788712,54.08816370684215,46.97040864255519,36.40997633351538,47.19042209210871,29.079712624016423,87.5,-16.666666666666664,-20,35,-37.03703703703704,6.25,0.33465991316931987,-4.03858289011088,3.2033818694222638,4.159839796104133,2.176002796469457,5.752532561505065
Nevada,41,80,72,53,46,54,13450,11954,10858.5,10453.5,10429.5,10613,30.483271375464685,66.92320562154927,66.3075010360547,50.70072224613766,44.10566182463205,50.880995006124564,95.1219512195122,-10,-26.38888888888889,-13.20754716981132,17.391304347826086,31.70731707317073,-11.122676579925649,-9.164296469800902,-3.729796933278077,-0.22958817620892524,1.7594323793086917,-21.092936802973977
New Hampshire,9,7,8,16,11,NA,2637,2528,2196.5,2087,2098.5,2144,34.129692832764505,27.689873417721518,36.42157978602322,76.66506947771921,52.41839409101739,NA,-22.22222222222222,14.285714285714285,100,-31.25,NA,NA,-4.133485020857035,-13.113132911392405,-4.985203733211928,0.5510301868711068,2.1682153919466285,-18.69548729616989
New Jersey,40,87,39,55,43,42,19083.5,17677.5,12606.5,12827,13328.5,12593,20.960515628684465,49.215103945693684,30.936421687224843,42.878303578389335,32.26169486438834,33.35186214563646,117.5,-55.172413793103445,41.02564102564102,-21.818181818181817,-2.3255813953488373,5,-7.36762124348259,-28.686183000989956,1.749097687700789,3.9097216808295006,-5.518250365757587,-34.01105667199413
New Mexico,19,41,25,15,21,18,6915.5,6453.5,5877.5,5536.5,5396,5621,27.474513773407566,63.5314170605098,42.53509145044662,27.0929287455974,38.91771682727947,32.022771748799144,115.78947368421053,-39.02439024390244,-40,40,-14.285714285714285,-5.263157894736842,-6.680644928060155,-8.92538932362284,-5.801786473840919,-2.5377043258376233,4.169755374351372,-18.718820041934784
New York,113,121,137,113,107,143,46280,41239,31904.5,31181.5,31959,32918,24.41659464131374,29.341157642037878,42.94065100534408,36.23943684556548,33.48039675834663,43.441278327966465,7.079646017699115,13.223140495867769,-17.51824817518248,-5.3097345132743365,33.64485981308411,26.548672566371685,-10.8923941227312,-22.63512694294236,-2.266138005610494,2.4934656767634658,3.0007196720798524,-28.87208297320657
North Carolina,119,141,118,114,136,134,34754.5,33248,29293.5,29979,30852.5,31972,34.240170337654114,42.40856592877767,40.28197381671702,38.02661863304313,44.080706587796776,41.91167271362442,18.487394957983195,-16.312056737588655,-3.389830508474576,19.298245614035086,-1.4705882352941175,12.605042016806722,-4.334690471737472,-11.893948508180943,2.340109580623688,2.913706261049401,3.6285552224293007,-8.006157476010301
North Dakota,1,7,4,3,3,1,1731.5,1487,1527.5,1706,1846.5,1929,5.775339301183945,47.07464694014795,26.186579378068743,17.58499413833529,16.246953696181965,5.184033177812338,600,-42.857142857142854,-25,0,-66.66666666666666,0,-14.120704591394745,2.723604572965703,11.685761047463176,8.235638921453694,4.467912266450041,11.40629511983829
Ohio,136,250,123,165,160,NA,49880.5,48585,43667.5,43683.5,44092.5,45063,27.265163741341805,51.456210764639295,28.16740138546974,37.7716986963041,36.28735045642683,NA,83.82352941176471,-50.8,34.146341463414636,-3.0303030303030303,NA,NA,-2.597207325507964,-10.12143665740455,0.03664052212744032,0.9362802888962651,2.20105460112264,-9.658082817934863
Oklahoma,100,139,123,132,127,140,26959,24986,22677.5,22805.5,23011,22698,37.0933639971809,55.63115344592972,54.23878293462683,57.880774374602616,55.190995610794836,61.67944312274209,39,-11.510791366906476,7.317073170731707,-3.787878787878788,10.236220472440944,40,-7.318520716643792,-9.239173937404948,0.5644361150920516,0.9010984192409724,-1.3602190256833688,-15.805482399198784
Oregon,41,50,52,47,48,34,15913.5,14328,13289.5,12582.5,12754.5,12056,25.764288182989286,34.896705750977105,39.12863538884081,37.35346711702762,37.633776314242034,28.20172528201725,21.951219512195124,4,-9.615384615384617,2.127659574468085,-29.166666666666668,-17.073170731707318,-9.963238759543785,-7.248045784477945,-5.319989465367395,1.3669779455593085,-5.476498490728762,-24.240424796556383
Pennsylvania,158,217,236,191,158,190,46814.5,44055,38442,37927,38532,39061,33.75022695959585,49.256611054363866,61.39118672285522,50.35990191684024,41.00487906155923,48.64186784772536,37.34177215189873,8.755760368663594,-19.06779661016949,-17.277486910994764,20.253164556962027,20.253164556962027,-5.894541221202832,-12.740892066734762,-1.3396805577233235,1.5951696680465106,1.3728848749091664,-16.5621762488118
Rhode Island,3,8,5,6,2,NA,2756.5,2475.5,2268.5,2303.5,2304,2325,10.883366588064574,32.31670369622298,22.040996253030638,26.047319296722378,8.680555555555555,NA,166.66666666666669,-37.5,20,-66.66666666666666,NA,NA,-10.194086704153818,-8.361947081397696,1.5428697377121445,0.021706099413935316,0.9114583333333334,-15.653908942499548
South Carolina,71,121,90,94,82,93,18875,18216,16105.5,16440.5,16339.5,16922,37.6158940397351,66.42512077294685,55.88153115395362,57.17587664608741,50.18513418403256,54.95804278454084,70.4225352112676,-25.6198347107438,4.444444444444445,-12.76595744680851,13.414634146341465,30.985915492957744,-3.491390728476821,-11.58596837944664,2.080034770730496,-0.614336546942003,3.5649805685608493,-10.347019867549669
South Dakota,14,11,10,14,8,12,3875,3676,3255.5,3361,3575,3755,36.12903225806451,29.923830250272033,30.71724773460298,41.65426956263016,22.377622377622377,31.957390146471372,-21.428571428571427,-9.090909090909092,40,-42.857142857142854,50,-14.285714285714285,-5.135483870967742,-11.439064200217627,3.240669636000614,6.367152633144897,5.034965034965035,-3.096774193548387
Tennessee,105,164,191,182,152,146,26736,25542.5,22979.5,22535,22618,23235,39.272890484739676,64.20671429969659,83.1175613046411,80.76325715553584,67.20311256521354,62.83623843339789,56.19047619047619,16.463414634146343,-4.712041884816754,-16.483516483516482,-3.9473684210526314,39.04761904761905,-4.46401855176541,-10.03425663110502,-1.9343327748645531,0.368315952962059,2.7279158192589974,-13.094703770197485
Texas,447,700,583,553,571,570,161842.5,151662,133930.5,137452.5,143180.5,150353,27.619444830622367,46.15526631588664,43.53003983409305,40.23208017315073,39.879732226106206,37.91078328999089,56.59955257270693,-16.714285714285715,-5.145797598627787,3.25497287522604,-0.17513134851138354,27.516778523489933,-6.29037490152463,-11.691458638287772,2.629722132001299,4.16725777996035,5.0094111977538835,-7.0991859369448695
Utah,22,39,27,16,17,18,6701.5,6219,5601.5,5845.5,6100.5,6469,32.82847123778259,62.71104679208876,48.201374631795055,27.371482336840305,27.86656831407262,27.82501159375483,77.27272727272727,-30.76923076923077,-40.74074074074074,6.25,5.88235294117647,-18.181818181818183,-7.199880623740953,-9.929249075414054,4.355976077836294,4.362329997433924,6.040488484550447,-3.469372528538387
Vermont,4,2,1,10,10,2,1639.5,1407,1254,1327,1332,1374,24.397682220189083,14.214641080312722,7.974481658692185,75.35795026375283,75.07507507507508,14.55604075691412,-50,-50,900,0,-80,-50,-14.181152790484905,-10.874200426439232,5.821371610845295,0.37678975131876413,3.153153153153153,-16.193961573650505
Virginia,90,128,116,92,87,97,36465.5,34398,31331.5,28245,27155,27417,24.680862733268434,37.21146578289435,37.02344286101847,32.57213666135599,32.03829865586448,35.37950906371959,42.22222222222222,-9.375,-20.689655172413794,-5.434782608695652,11.494252873563218,7.777777777777778,-5.669742633448053,-8.914762486191059,-9.85110830952875,-3.8590901044432644,0.964831522739827,-24.813865160219933
Washington,37,51,44,56,55,37,19291,18016,15064,13822,13837,14147,19.179928464050594,28.30817051509769,29.208709506107276,40.51512082187816,39.74850039748501,26.153954902099386,37.83783783783784,-13.725490196078432,27.27272727272727,-1.7857142857142856,-32.72727272727273,0,-6.60929967342284,-16.385435168738898,-8.244822092405736,0.10852264505860224,2.2403700224037,-26.665284329480066
West Virginia,28,46,43,24,25,30,6784,6258,3936,4452.5,4850,4793,41.27358490566038,73.50591243208693,109.2479674796748,53.902302077484556,51.54639175257732,62.59127894846652,64.28571428571429,-6.521739130434782,-44.18604651162791,4.166666666666666,20,7.142857142857142,-7.753537735849056,-37.10450623202301,13.122459349593496,8.92756878158338,-1.175257731958763,-29.348466981132077
Wisconsin,51,70,49,51,55,50,24027,22892.5,20313,20888,22051.5,23190,21.2261206143089,30.57770012012668,24.122483138876582,24.415932592876292,24.941613949164456,21.561017680034496,37.254901960784316,-30,4.081632653061225,7.8431372549019605,-9.090909090909092,-1.9607843137254901,-4.721771340575186,-11.267882494266681,2.8306995520110276,5.570183837610111,5.162914087477042,-3.483580971407167
Wyoming,10,5,10,10,9,9,2519,2361,1904.5,2160.5,2133,2238,39.69829297340214,21.177467174925876,52.50721974271462,46.285582041194175,42.19409282700422,40.21447721179625,-50,100,0,-10,0,-10,-6.272330289797538,-19.33502753070733,13.441848254134944,-1.2728535061328397,4.922644163150492,-11.155220325526003
BoP - Alabama,4,7,10,4,7,NA,3399,2648,2538,3001,3160,3544,11.768167107972932,26.435045317220546,39.40110323089046,13.328890369876708,22.151898734177216,NA,75,42.857142857142854,-60,75,NA,NA,-22.094733745219184,-4.1540785498489425,18.242710795902287,5.298233922025991,12.151898734177214,4.265960576640189
BoP - Arkansas,4,6,7,5,9,NA,3079,2956,2863,3351,3455,3470,12.991230919129586,20.29769959404601,24.449877750611247,14.920919128618323,26.049204052098407,NA,50,16.666666666666664,-28.57142857142857,80,NA,NA,-3.9948035076323483,-3.1461434370771313,17.0450576318547,3.1035511787526113,0.43415340086830684,12.69892822344917
BoP - Arizona,7,20,12,10,9,NA,4079,3506,3430,3616,3679,3450,17.161068889433686,57.04506560182544,34.98542274052478,27.654867256637168,24.46316933949443,NA,185.71428571428572,-40,-16.666666666666664,-10,NA,NA,-14.047560676636431,-2.167712492869367,5.422740524781341,1.7422566371681416,-6.224517531938027,-15.420446187791125
BoP - California,13,35,17,22,31,NA,16449,11802,11654,14360,13770,13179,7.903216000972703,29.655990510083036,14.587266174703965,15.32033426183844,22.512708787218592,NA,169.23076923076923,-51.42857142857142,29.411764705882355,40.909090909090914,NA,NA,-28.2509575050155,-1.2540247415692256,23.21949545220525,-4.108635097493036,-4.291938997821351,-19.87962794090826
BoP - Colorado,15,9,12,7,8,NA,3690,3262,3254,3485,3491,3475,40.650406504065046,27.590435315757205,36.87768899815612,20.086083213773314,22.916069894013177,NA,-40,33.33333333333333,-41.66666666666667,14.285714285714285,NA,NA,-11.598915989159892,-0.2452483139178418,7.0989551321450515,0.1721664275466284,-0.45832139788026355,-5.826558265582656
BoP - Connecticut,NA,2,NA,1,2,NA,1006,817,927,1027,997,1167,NA,24.479804161566705,NA,9.737098344693282,20.060180541624874,NA,NA,NA,NA,100,NA,NA,-18.78727634194831,13.46389228886169,10.787486515641856,-2.9211295034079843,17.051153460381144,16.003976143141152
BoP - Florida,24,34,27,28,29,NA,10443,9048,9533,10319,10815,11069,22.98190175237001,37.57736516357206,28.32266862477709,27.13441224924896,26.814609338881183,NA,41.66666666666667,-20.588235294117645,3.7037037037037033,3.571428571428571,NA,NA,-13.358230393565067,5.3603006189213085,8.245043532990664,4.806667312724102,2.348589921405455,5.994446040409844
BoP - Georgia,8,18,15,7,5,NA,7035,5982,4781,4172,3413,3400,11.371712864250178,30.09027081243731,31.37418950010458,16.778523489932887,14.64986815118664,NA,125,-16.666666666666664,-53.333333333333336,-28.57142857142857,NA,NA,-14.968017057569297,-20.076897358742897,-12.73792093704246,-18.192713326941515,-0.3808965719308526,-51.67022032693674
BoP - Hawaii,NA,2,2,NA,NA,NA,453,327,313,348,270,220,NA,61.162079510703364,63.897763578274756,NA,NA,NA,NA,0,NA,NA,NA,NA,-27.81456953642384,-4.281345565749235,11.182108626198083,-22.413793103448278,-18.51851851851852,-51.434878587196465
BoP - Illinois,9,11,17,7,8,NA,5201,5235,5464,5320,5592,6428,17.304364545279753,21.012416427889207,31.112737920937043,13.157894736842104,14.30615164520744,NA,22.22222222222222,54.54545454545454,-58.82352941176471,14.285714285714285,NA,NA,0.6537204383772351,4.374403056351481,-2.635431918008785,5.112781954887218,14.949928469241774,23.5916169967314
BoP - Indiana,7,24,12,10,5,NA,2650,2518,2384,2569,2586,2517,26.415094339622645,95.31374106433678,50.335570469798654,38.92565200467108,19.334880123743233,NA,242.85714285714283,-50,-16.666666666666664,-50,NA,NA,-4.981132075471698,-5.321683876092136,7.76006711409396,0.6617360840794083,-2.668213457076566,-5.018867924528301
BoP - Kansas,5,4,7,10,8,NA,1667,1584,1668,1529,1593,1613,29.99400119976005,25.252525252525256,41.96642685851319,65.40222367560497,50.219711236660395,NA,-20,75,42.857142857142854,-20,NA,NA,-4.979004199160168,5.303030303030303,-8.333333333333332,4.185742315238718,1.2554927809165097,-3.239352129574085
BoP - Kentucky,21,28,21,20,20,NA,6633,6059,5767,6614,6811,6503,31.659882406151063,46.212246245254995,36.41408011097624,30.23888720895071,29.364263691087945,NA,33.33333333333333,-25,-4.761904761904762,0,NA,NA,-8.653701191014623,-4.819277108433735,14.687012311427086,2.978530390081645,-4.522096608427543,-1.9598974822855422
BoP - Louisiana,1,14,1,5,6,NA,4908,4244,4693,4957,5028,4987,2.037489812550937,32.98774740810556,2.1308331557639035,10.086746015735322,11.933174224343675,NA,1300,-92.85714285714286,400,20,NA,NA,-13.528932355338224,10.579641847313855,5.625399531216706,1.4323179342344161,-0.8154335719968178,1.6096169519152406
BoP - Massachusetts,16,16,16,16,6,NA,1101,920,755,962,925,1015,145.322434150772,173.91304347826087,211.9205298013245,166.32016632016632,64.86486486486486,NA,0,0,0,-62.5,NA,NA,-16.439600363306088,-17.934782608695652,27.417218543046356,-3.8461538461538463,9.72972972972973,-7.811080835603996
BoP - Maryland,7,10,4,5,4,NA,1268,1084,1157,1278,929,1027,55.20504731861199,92.25092250922509,34.57216940363008,39.123630672926446,43.05705059203444,NA,42.857142857142854,-60,25,-20,NA,NA,-14.511041009463725,6.734317343173432,10.458081244598098,-27.30829420970266,10.54897739504844,-19.006309148264986
BoP - Michigan,2,3,5,4,3,NA,1440,2802,2952,2824,1600,1573,13.88888888888889,10.706638115631693,16.93766937669377,14.164305949008499,18.75,NA,50,66.66666666666666,-20,-25,NA,NA,94.58333333333333,5.353319057815846,-4.336043360433604,-43.342776203966004,-1.6875,9.23611111111111
BoP - Minnesota,10,18,9,12,8,NA,3055,2619,2484,2715,2870,3544,32.733224222585925,68.72852233676976,36.231884057971016,44.19889502762431,27.874564459930312,NA,80,-50,33.33333333333333,-33.33333333333333,NA,NA,-14.271685761047465,-5.154639175257731,9.29951690821256,5.70902394106814,23.48432055749129,16.006546644844516
BoP - Missouri,26,33,34,29,31,NA,1038,891,874,1020,984,1080,250.48169556840077,370.3703703703703,389.01601830663617,284.3137254901961,315.040650406504,NA,26.923076923076923,3.0303030303030303,-14.705882352941178,6.896551724137931,NA,NA,-14.16184971098266,-1.9079685746352413,16.704805491990847,-3.5294117647058822,9.75609756097561,4.046242774566474
BoP - Mississippi,NA,5,3,3,1,NA,5273,3858,3585,3821,4459,4249,NA,12.960082944530845,8.368200836820083,7.851347814708192,2.242655303879794,NA,NA,-40,0,-66.66666666666666,NA,NA,-26.834818888678168,-7.076205287713841,6.582984658298466,16.69719968594609,-4.709576138147567,-19.419685188697137
BoP - North Carolina,113,104,79,67,54,NA,5954,5333,3513,3953,4048,4293,189.78837756130335,195.01218826176634,224.87902077996017,169.4915254237288,133.399209486166,NA,-7.964601769911504,-24.03846153846154,-15.18987341772152,-19.402985074626866,NA,NA,-10.429963050050386,-34.127132945809116,12.524907486478792,2.4032380470528714,6.052371541501976,-27.897211958347327
BoP - New Jersey,1,4,6,3,7,NA,5086,3696,3777,3977,4602,4899,1.966181675186787,10.822510822510823,15.885623510722795,7.543374402816193,15.210777922642329,NA,300,50,-50,133.33333333333331,NA,NA,-27.32992528509634,2.1915584415584415,5.295207836907599,15.715363339200403,6.453715775749674,-3.676759732599292
BoP - New York,4,9,4,12,7,NA,4022,3324,3056,3065,3320,3022,9.945300845350571,27.07581227436823,13.089005235602095,39.151712887438826,21.08433734939759,NA,125,-55.55555555555556,200,-41.66666666666667,NA,NA,-17.35454997513675,-8.062575210589651,0.29450261780104714,8.31973898858075,-8.975903614457831,-24.86325211337643
BoP - Ohio,4,12,7,7,3,NA,2462,2212,1397,1810,2004,1940,16.246953696181965,54.249547920434,50.107372942018614,38.67403314917127,14.970059880239521,NA,200,-41.66666666666667,0,-57.14285714285714,NA,NA,-10.154346060113728,-36.844484629294755,29.563350035790982,10.718232044198896,-3.1936127744510974,-21.202274573517464
BoP - Oklahoma,4,7,3,2,2,NA,4679,3340,2450,2093,2285,2565,8.548835221201111,20.958083832335326,12.244897959183673,9.555661729574773,8.7527352297593,NA,75,-57.14285714285714,-33.33333333333333,0,NA,NA,-28.617225902970723,-26.646706586826348,-14.571428571428571,9.173435260391782,12.25382932166302,-45.18059414404787
BoP - Oregon,1,1,5,1,2,NA,1745,1585,1579,1443,1534,1544,5.730659025787965,6.309148264984228,31.665611146295124,6.93000693000693,13.03780964797914,NA,0,400,-80,100,NA,NA,-9.169054441260744,-0.3785488958990536,-8.613046231792273,6.306306306306306,0.651890482398957,-11.51862464183381
BoP - Pennsylvania,10,8,11,13,14,NA,11961,10522,8425,9288,8890,8948,8.36050497450046,7.603117278084015,13.056379821958457,13.996554694229113,15.748031496062993,NA,-20,37.5,18.181818181818183,7.6923076923076925,NA,NA,-12.030766658306161,-19.929671165177723,10.243323442136498,-4.285099052540913,0.6524184476940382,-25.190201488169883
BoP - NA,1,1,NA,2,1,NA,6221.5,7770,8118,7918.5,7824.5,7524.5,1.607329422165073,1.2870012870012868,NA,2.5257308833743766,1.2780369352674292,NA,0,NA,NA,-50,NA,NA,24.889496102226154,4.478764478764479,-2.45750184774575,-1.187093515185957,-3.834110805802288,20.943502370810897
BoP - South Carolina,4,6,8,12,8,NA,5912,4175,4835,5023,5159,5097,6.765899864682003,14.37125748502994,16.546018614270942,23.89010551463269,15.506881178522969,NA,50,33.33333333333333,50,-33.33333333333333,NA,NA,-29.380920162381596,15.808383233532936,3.8883143743536714,2.7075452916583713,-1.2017832913355302,-13.78552097428958
BoP - Tennessee,1,5,9,10,8,NA,1312,1140,1071,1245,1214,1113,7.621951219512195,43.859649122807014,84.03361344537815,80.32128514056224,65.89785831960461,NA,400,80,11.11111111111111,-20,NA,NA,-13.109756097560975,-6.052631578947368,16.246498599439775,-2.4899598393574296,-8.319604612850082,-15.167682926829269
BoP - Texas,52,59,54,62,50,NA,24978,21532,21630,16336,16476,16220,20.818320121707103,27.40107746609697,24.965325936199722,37.95298726738492,30.347171643602817,NA,13.461538461538462,-8.47457627118644,14.814814814814813,-19.35483870967742,NA,NA,-13.796140603731283,0.45513654096228867,-24.475265834489136,0.8570029382957884,-1.5537751881524642,-35.062855312675154
BoP - Virginia,2,5,1,5,2,NA,4267,3738,3400,3780,3969,3641,4.687133817670494,13.37613697164259,2.941176470588235,13.227513227513226,5.039052658100277,NA,150,-80,400,-60,NA,NA,-12.397468947738458,-9.042268592830391,11.176470588235295,5,-8.264046359284455,-14.670728849308649
BoP - Washington,NA,NA,3,3,3,NA,666,585,689,818,726,640,NA,NA,43.54136429608128,36.67481662591687,41.32231404958678,NA,NA,NA,0,0,NA,NA,-12.162162162162163,17.77777777777778,18.722786647314948,-11.246943765281173,-11.84573002754821,-3.903903903903904
BoP - Wisconsin,NA,1,NA,1,2,NA,1003,897,960,1087,1142,1140,NA,11.148272017837234,NA,9.19963201471941,17.513134851138354,NA,NA,NA,NA,100,NA,NA,-10.568295114656031,7.023411371237458,13.229166666666666,5.059797608095677,-0.17513134851138354,13.65902293120638
BoP - West Virginia,7,12,16,10,15,NA,9159,8032,8792,9578,9834,9427,7.642755759362375,14.9402390438247,18.198362147406733,10.440593025683858,15.253203172666261,NA,71.42857142857143,33.33333333333333,-37.5,50,NA,NA,-12.304836772573426,9.46215139442231,8.939945404913557,2.672791814575068,-4.138702460850112,2.9260836335844522
BoP â€” All Locations,383,533,437,415,378,380,173294.5,150043,144768,148702.5,149454.5,149523.5,22.101105343793368,35.523150030324636,30.186229000884172,27.90807148501202,25.291978495127278,25.414065347587503,39.1644908616188,-18.01125703564728,-5.034324942791762,-8.91566265060241,0.5291005291005291,-0.7832898172323759,-13.417332921702652,-3.5156588444645873,2.71779675066313,0.5057077049814227,0.04616789725301011,-13.717111622123031
